{
  "accuracy": 0.6404494643211365,
  "trained_at": "2026-04-17T19:27:52.975301",
  "total_samples": 592,
  "classes": [
    "belly_pain",
    "burping",
    "discomfort",
    "hungry",
    "tired"
  ],
  "epochs_trained": 22,
  "test_loss": 1.0008587837219238
}